Data,Valor,Identificador,Descrição
05/09/2026,4500.00,10ae4fde-e259-4d7c-83c7-89db6399f78e,Salário Empresa XYZ
06/09/2026,-380.50,468e8eb1-157a-4f97-a06a-0baf1a4005bc,Supermercado Extra
08/09/2026,-39.90,8e84e640-0c3e-4036-aeca-69ad8f429c4a,Netflix
10/09/2026,-24.30,c52e1e26-cc35-41d2-b6d3-302bfb774ab9,Uber
12/09/2026,-67.80,c9d148c2-6a63-4c0e-8552-484a4879c473,iFood
15/09/2026,-620.00,ef9c1293-7aa7-410b-a6ab-7afbd5bcf6f5,Pagamento de Fatura Cartão
18/09/2026,150.00,410aaac7-1b60-40ea-b919-0dced68428c5,Pix Recebido João
20/09/2026,-180.00,85a54a8d-701e-4aa3-95be-611ab7a3c2b2,Posto Ipiranga
22/09/2026,-21.90,77bd493d-5135-465c-8c2f-26a5ca6599d0,Spotify
25/09/2026,-500.00,50863d3f-907a-44ba-a7dc-3092bd58bf9a,Aplicação RDB
28/09/2026,12.30,7f32d7a3-95d0-458f-983f-72d7c6a94374,Rendimento RDB
